url,title,date,site
https://www.worldbank.org/en/where-we-work/tunisia,Tunisia,Date non trouvée,https://www.worldbank.org
https://ftdes.net/resultats-preliminaires-dune-etude-de-terrain-sur-la-situation-des-migrants-en-tunisie/,Résultats préliminaires d’une étude de terrain sur la situation des migrants en Tunisie,2024-07-23T13:11:07+02:00,https://ftdes.net
https://ftdes.net/leconomie-circulaire-le-recyclage-des-dechets-plastiques-dans-lagglomeration-sfaxienne-tunisie-etude-du-cas-de-la-commune-de-thyna/,L’économie circulaire: le recyclage des déchets plastiques dans l’agglomération sfaxienne (Tunisie): étude du cas de la commune de Thyna,2024-07-23T13:11:07+02:00,https://ftdes.net
https://ftdes.net/resultats-preliminaires-dune-etude-de-terrain-sur-la-situation-des-migrants-en-tunisie/,Résultats préliminaires d’une étude de terrain sur la situation des migrants en Tunisie,2024-07-23T13:11:07+02:00,https://ftdes.net
https://ftdes.net/leconomie-circulaire-le-recyclage-des-dechets-plastiques-dans-lagglomeration-sfaxienne-tunisie-etude-du-cas-de-la-commune-de-thyna/,L’économie circulaire: le recyclage des déchets plastiques dans l’agglomération sfaxienne (Tunisie): étude du cas de la commune de Thyna,2024-07-23T13:11:07+02:00,https://ftdes.net
https://ftdes.net/leconomie-circulaire-le-recyclage-des-dechets-plastiques-dans-lagglomeration-sfaxienne-tunisie-etude-du-cas-de-la-commune-de-thyna/,L’économie circulaire: le recyclage des déchets plastiques dans l’agglomération sfaxienne (Tunisie):...,2024-07-23T13:11:07+02:00,https://ftdes.net
https://ftdes.net/rapport-mensuel-de-lobservatoire-social-tunisien-mai-2024/,Rapport mensuel de l’Observatoire Social Tunisien – Mai 2024,2024-07-23T13:11:07+02:00,https://ftdes.net
https://ftdes.net/tunisie-deux-ans-apres-les-revocations-arbitraires-de-magistrat-e-s-lindependance-de-la-justice-est-gravement-compromise/,"Tunisie : Deux ans après les révocations arbitraires de magistrat.e.s, l’indépendance...",2024-07-23T13:11:07+02:00,https://ftdes.net
https://ftdes.net/leconomie-circulaire-le-recyclage-des-dechets-plastiques-dans-lagglomeration-sfaxienne-tunisie-etude-du-cas-de-la-commune-de-thyna/,L’économie circulaire: le recyclage des déchets plastiques dans l’agglomération sfaxienne (Tunisie): étude du cas...,2024-07-23T13:11:07+02:00,https://ftdes.net
https://ftdes.net/la-crise-hydrique-en-tunisie-et-ses-repercussions-sur-le-manque-deau-dans-le-gouvernorat-de-monastir/,La crise hydrique en Tunisie et ses répercussions sur le manque...,2024-07-23T13:11:07+02:00,https://ftdes.net
https://ftdes.net/resultats-preliminaires-dune-etude-de-terrain-sur-la-situation-des-migrants-en-tunisie/,Résultats préliminaires d’une étude de terrain sur la situation des migrants en Tunisie,2024-07-23T13:11:07+02:00,https://ftdes.net
https://ftdes.net/leconomie-circulaire-le-recyclage-des-dechets-plastiques-dans-lagglomeration-sfaxienne-tunisie-etude-du-cas-de-la-commune-de-thyna/,L’économie circulaire: le recyclage des déchets plastiques dans l’agglomération sfaxienne (Tunisie): étude du cas de la commune de Thyna,2024-07-23T13:11:07+02:00,https://ftdes.net
https://ftdes.net/rapport-mensuel-de-lobservatoire-social-tunisien-mai-2024/,Rapport mensuel de l’Observatoire Social Tunisien – Mai 2024,2024-07-23T13:11:07+02:00,https://ftdes.net
https://ftdes.net/resultats-preliminaires-dune-etude-de-terrain-sur-la-situation-des-migrants-en-tunisie/,Résultats préliminaires d’une étude de terrain sur la situation des migrants en Tunisie,2024-07-23T13:11:07+02:00,https://ftdes.net
https://ftdes.net/leconomie-circulaire-le-recyclage-des-dechets-plastiques-dans-lagglomeration-sfaxienne-tunisie-etude-du-cas-de-la-commune-de-thyna/,L’économie circulaire: le recyclage des déchets plastiques dans l’agglomération sfaxienne (Tunisie): étude du cas de la commune de Thyna,2024-07-23T13:11:07+02:00,https://ftdes.net
https://ftdes.net/resultats-preliminaires-dune-etude-de-terrain-sur-la-situation-des-migrants-en-tunisie/,Résultats préliminaires d’une étude de terrain sur la situation des migrants en Tunisie,2024-07-23T13:11:07+02:00,https://ftdes.net
https://ftdes.net/leconomie-circulaire-le-recyclage-des-dechets-plastiques-dans-lagglomeration-sfaxienne-tunisie-etude-du-cas-de-la-commune-de-thyna/,L’économie circulaire: le recyclage des déchets plastiques dans l’agglomération sfaxienne (Tunisie): étude du cas de la commune de Thyna,2024-07-23T13:11:07+02:00,https://ftdes.net
https://ftdes.net/leconomie-circulaire-le-recyclage-des-dechets-plastiques-dans-lagglomeration-sfaxienne-tunisie-etude-du-cas-de-la-commune-de-thyna/,L’économie circulaire: le recyclage des déchets plastiques dans l’agglomération sfaxienne (Tunisie):...,2024-07-23T13:11:07+02:00,https://ftdes.net
https://ftdes.net/leconomie-circulaire-le-recyclage-des-dechets-plastiques-dans-lagglomeration-sfaxienne-tunisie-etude-du-cas-de-la-commune-de-thyna/,L’économie circulaire: le recyclage des déchets plastiques dans l’agglomération sfaxienne (Tunisie):...,2024-07-23T13:11:07+02:00,https://ftdes.net
https://ftdes.net/rapport-mensuel-de-lobservatoire-social-tunisien-mai-2024/,Rapport mensuel de l’Observatoire Social Tunisien – Mai 2024,2024-07-23T13:11:07+02:00,https://ftdes.net
https://ftdes.net/tunisie-deux-ans-apres-les-revocations-arbitraires-de-magistrat-e-s-lindependance-de-la-justice-est-gravement-compromise/,"Tunisie : Deux ans après les révocations arbitraires de magistrat.e.s, l’indépendance...",2024-07-23T13:11:07+02:00,https://ftdes.net
https://ftdes.net/resultats-preliminaires-dune-etude-de-terrain-sur-la-situation-des-migrants-en-tunisie/,Résultats préliminaires d’une étude de terrain sur la situation des migrants en Tunisie,2024-07-23T13:11:07+02:00,https://ftdes.net
https://ftdes.net/leconomie-circulaire-le-recyclage-des-dechets-plastiques-dans-lagglomeration-sfaxienne-tunisie-etude-du-cas-de-la-commune-de-thyna/,L’économie circulaire: le recyclage des déchets plastiques dans l’agglomération sfaxienne (Tunisie): étude du cas de la commune de Thyna,2024-07-23T13:11:07+02:00,https://ftdes.net
https://ftdes.net/rapport-mensuel-de-lobservatoire-social-tunisien-mai-2024/,Rapport mensuel de l’Observatoire Social Tunisien – Mai 2024,2024-07-23T13:11:07+02:00,https://ftdes.net
https://ftdes.net/resultats-preliminaires-dune-etude-de-terrain-sur-la-situation-des-migrants-en-tunisie/,Résultats préliminaires d’une étude de terrain sur la situation des migrants en Tunisie,2024-07-23T13:11:07+02:00,https://ftdes.net
https://ftdes.net/leconomie-circulaire-le-recyclage-des-dechets-plastiques-dans-lagglomeration-sfaxienne-tunisie-etude-du-cas-de-la-commune-de-thyna/,L’économie circulaire: le recyclage des déchets plastiques dans l’agglomération sfaxienne (Tunisie): étude du cas de la commune de Thyna,2024-07-23T13:11:07+02:00,https://ftdes.net
https://ftdes.net/resultats-preliminaires-dune-etude-de-terrain-sur-la-situation-des-migrants-en-tunisie/,Résultats préliminaires d’une étude de terrain sur la situation des migrants en Tunisie,2024-07-23T13:11:07+02:00,https://ftdes.net
https://ftdes.net/leconomie-circulaire-le-recyclage-des-dechets-plastiques-dans-lagglomeration-sfaxienne-tunisie-etude-du-cas-de-la-commune-de-thyna/,L’économie circulaire: le recyclage des déchets plastiques dans l’agglomération sfaxienne (Tunisie): étude du cas de la commune de Thyna,2024-07-23T13:11:07+02:00,https://ftdes.net
https://ftdes.net/leconomie-circulaire-le-recyclage-des-dechets-plastiques-dans-lagglomeration-sfaxienne-tunisie-etude-du-cas-de-la-commune-de-thyna/,L’économie circulaire: le recyclage des déchets plastiques dans l’agglomération sfaxienne (Tunisie): étude du cas...,2024-07-23T13:11:07+02:00,https://ftdes.net
https://ftdes.net/la-crise-hydrique-en-tunisie-et-ses-repercussions-sur-le-manque-deau-dans-le-gouvernorat-de-monastir/,La crise hydrique en Tunisie et ses répercussions sur le manque...,2024-07-23T13:11:07+02:00,https://ftdes.net
https://ftdes.net/resultats-preliminaires-dune-etude-de-terrain-sur-la-situation-des-migrants-en-tunisie/,Résultats préliminaires d’une étude de terrain sur la situation des migrants en Tunisie,2024-07-23T13:11:07+02:00,https://ftdes.net
https://ftdes.net/leconomie-circulaire-le-recyclage-des-dechets-plastiques-dans-lagglomeration-sfaxienne-tunisie-etude-du-cas-de-la-commune-de-thyna/,L’économie circulaire: le recyclage des déchets plastiques dans l’agglomération sfaxienne (Tunisie): étude du cas de la commune de Thyna,2024-07-23T13:11:07+02:00,https://ftdes.net
https://ftdes.net/rapport-mensuel-de-lobservatoire-social-tunisien-mai-2024/,Rapport mensuel de l’Observatoire Social Tunisien – Mai 2024,2024-07-23T13:11:07+02:00,https://ftdes.net
https://inkyfada.com/fr/2024/08/06/incendies-feux-tunisie-flammes-dataviz/,Incendies et feux de forêt : la Tunisie en proie aux flammes,Date non trouvée,https://inkyfada.com
https://inkyfada.com/fr/2024/06/24/expulsions-compagnie-italie-tunisie/,Expulsion des Tunisien·nes d’Italie : la complicité discrète des compagnies aériennes,Date non trouvée,https://inkyfada.com
https://inkyfada.com/fr/2024/07/05/entre-la-tunisie-et-la-libye-le-quotidien-des-femmes-impliquees-dans-le-commerce-irregulier/,"Entre la Tunisie et la Libye, le quotidien des femmes impliquées dans le commerce irrégulier",Date non trouvée,https://inkyfada.com
https://inkyfada.com/fr/2024/06/24/expulsions-compagnie-italie-tunisie/,Expulsion des Tunisien·nes d’Italie : la complicité discrète des compagnies aériennes,Date non trouvée,https://inkyfada.com
https://inkyfada.com/fr/2023/05/13/lettre-deuxieme-guerre-mondiale-allemagne-tunisie/,Lettres du front : La Seconde Guerre mondiale en Tunisie racontée par mon grand-oncle,Date non trouvée,https://inkyfada.com
http://www.santetunisie.rns.tn/fr/carte-sanitaire/structures-publiques-de-sante-en-tunisie,Structures publiques de santé en tunisie,2024-08-26,http://www.santetunisie.rns.tn
http://www.santetunisie.rns.tn/fr/component/spec/?Itemid=322,Spécialités hospitalière en Tunisie,2024-08-26,http://www.santetunisie.rns.tn
http://www.santetunisie.rns.tn/fr/sante-en-tunisie/medecine-d-urgence/le-secteur-des-urgences-medicales-en-tunisie,Le secteur des urgences médicales en Tunisie,2024-08-26,http://www.santetunisie.rns.tn
http://www.santetunisie.rns.tn/fr/sante-en-tunisie/la-nutrition-en-tunisie,La nutrition en Tunisie,2024-08-26,http://www.santetunisie.rns.tn
http://www.santetunisie.rns.tn/fr/prestations/programme-de-d%C3%A9veloppement-de-la-%C2%ABsant%C3%A9-num%C3%A9rique%C2%BB-en-tunisie,Programme de Développement de la «Santé Numérique» en Tunisie,2024-08-26,http://www.santetunisie.rns.tn
http://www.santetunisie.rns.tn/fr/toutes-les-actualites/1863-projet-de-renforcement-des-capacit%C3%A9s-du-syst%C3%A8me-de-sant%C3%A9-tunisien,Projet de renforcement des capacités du système de santé Tunisien (sélection de...,2024-08-26,http://www.santetunisie.rns.tn
http://www.santetunisie.rns.tn/fr/toutes-les-actualites/1853-projet-de-renforcement-de-capacit%C3%A9s-du-syst%C3%A8me-de-sant%C3%A9-tunisien,Projet de renforcement de capacités du système de santé Tunisien,2024-08-26,http://www.santetunisie.rns.tn
http://www.santetunisie.rns.tn/fr/toutes-les-actualites/1864-registre-des-cancers-sud-tunisien,Registre des Cancers (sud Tunisien),2024-08-26,http://www.santetunisie.rns.tn
http://www.dpm.tn/PDF/formulaire%20tunisien%203Ed.pdf,FORMULAIRE THÉRAPEUTIQUE TUNISIEN,2024-08-26,http://www.santetunisie.rns.tn
http://www.santetunisie.rns.tn/images/anisdoc/gp842016.pdf,Guide de paludisme en Tunisie (2016),2024-08-26,http://www.santetunisie.rns.tn
https://www.tunisiaodd.tn/,TUNISIA ODD,2024-06-28T16:41:20+02:00,https://www.tunisiaodd.tn
https://www.tunisiaodd.tn/rapport-local-volontaire-de-la-commune-ennour-pour-le-suivi-de-mise-en-oeuvre-des-odd-gouvernorat-de-kasserine-premier-rlv-en-tunisie/,"Rapport Local Volontaire de la commune Ennour pour le suivi de mise en œuvre des ODD, Gouvernorat de Kasserine : Premier RLV en Tunisie",2024-06-28T16:41:20+02:00,https://www.tunisiaodd.tn
https://www.tunisiaodd.tn/lancement-de-sdg-investor-map-tunisie/,Lancement de « SDG investor Map Tunisie »,2024-06-28T16:41:20+02:00,https://www.tunisiaodd.tn
https://www.tunisiaodd.tn/projet-de-la-vision-tunisie-2035/,Projet de la Vision Tunisie 2035,2024-06-28T16:41:20+02:00,https://www.tunisiaodd.tn
https://www.tunisiaodd.tn/vnr-lab-session-16-national-experience-of-the-vnr-process-tunisia/,VNR LAB Session 16: “National Experience of the VNR Process – Tunisia”,2024-06-28T16:41:20+02:00,https://www.tunisiaodd.tn
https://www.tunisiaodd.tn/forum-politique-de-haut-niveau-2021-la-tunisie-a-presente-son-second-rapport-national-volontaire/,Forum Politique de Haut Niveau 2021:  la Tunisie a présenté son second Rapport National Volontaire,2024-06-28T16:41:20+02:00,https://www.tunisiaodd.tn
https://www.tunisiaodd.tn/the-2021-sdg-index-tunisie-classee-premiere-en-afrique-et-au-monde-arabe/,The 2021 SDG INDEX : Tunisie classée première en Afrique et au monde Arabe,2024-06-28T16:41:20+02:00,https://www.tunisiaodd.tn
https://www.tunisiaodd.tn/tunisia-odd-plus/,ODD Plus NetworkPlateforme collaborative de la communauté des acteurs tunisiens des ODD.,2024-06-28T16:41:20+02:00,https://www.tunisiaodd.tn
http://sdg.ins.tn/,Tunisia SDG Data HubPlateforme de suivi des indicateurs des objectifs du développement durable de l’INS.,2024-06-28T16:41:20+02:00,https://www.tunisiaodd.tn
https://sdgcamps.org.tn/,"SDG Camps TunisiaPlateforme d’expression, d’idéation et de participation des jeunes aux ODD.",2024-06-28T16:41:20+02:00,https://www.tunisiaodd.tn
https://tunisia.unfpa.org/fr,Tunisie,Date non trouvée,https://tunisia.unfpa.org
https://tunisia.unfpa.org/fr/node/27542,UNFPA en Tunisie,Date non trouvée,https://tunisia.unfpa.org
https://tunisia.unfpa.org/fr/node/27542,UNFPA en Tunisie,Date non trouvée,https://tunisia.unfpa.org
https://tunisia.unfpa.org/fr/news/table-ronde-exploiter-le-pouvoir-des-donn%C3%A9es-inclusives-pour-un-avenir-r%C3%A9silient-et-%C3%A9quitable,"Table ronde ""Exploiter le pouvoir des données inclusives pour un avenir résilient et équitable de la population en Tunisie""",Date non trouvée,https://tunisia.unfpa.org
https://www.memoireonline.com/08/11/4642/m_The-perceived-value-of-english-the-case-of-tunisian-university-students0.html,The perceived value of english: the case of tunisian university students,Date non trouvée,https://www.memoireonline.com
https://www.challenges.tn/economie/orange-tunisie-et-le-sport-tunisien-un-partenariat-gagnant-pour-l-avenir/,Orange Tunisie et le sport tunisien : un partenariat gagnant pour l’avenir,2024-08-23T20:21:06+01:00,https://www.challenges.tn
https://www.challenges.tn/economie/glovo-et-visa-unissent-leurs-forces-pour-digitaliser-la-tunisie/,Glovo et Visa unissent leurs forces pour digitaliser la Tunisie,2024-08-23T20:21:06+01:00,https://www.challenges.tn
https://www.challenges.tn/economie/tunisie-telecom-et-li-ns-sallient-pour-reussir-le-recensement-general-de-la-population-et-de-l-habitat-2024/,Tunisie Telecom et l’INS s’allient pour réussir le Recensement Général de la Population et de l’Habitat 2024,2024-08-23T20:21:06+01:00,https://www.challenges.tn
https://www.challenges.tn/economie/la-tunisie-amorce-une-timide-reprise-economique/,La Tunisie amorce une timide reprise économique,2024-08-23T20:21:06+01:00,https://www.challenges.tn
https://www.challenges.tn/entrepreneur/partenariat-innovant-entre-la-fondation-orange-tunisie-et-l-anpr-un-levier-pour-la-jeunesse-tunisienne/,Partenariat innovant entre la Fondation Orange Tunisie et l’ANPR : un levier pour la jeunesse tunisienne,2024-08-23T20:21:06+01:00,https://www.challenges.tn
https://www.challenges.tn/entrepreneur/abdelaziz-makhloufi-pdg-de-cho-group-met-en-lumiere-l-excellence-de-l-huile-d-olive-tunisienne-sur-bfm-business/,"Abdelaziz Makhloufi, PDG de Cho Group, met en lumière l’excellence de l’huile d’olive tunisienne sur BFM Business",2024-08-23T20:21:06+01:00,https://www.challenges.tn
https://www.challenges.tn/entrepreneur/najla-cherif-hamdi-nommee-directeur-general-pharma-de-sanofi-maroc-tunisie-libye/,"Najla Cherif Hamdi nommée Directeur Général Pharma de Sanofi Maroc, Tunisie, Libye",2024-08-23T20:21:06+01:00,https://www.challenges.tn
https://www.challenges.tn/entrepreneur/orange-tunisie-stimule-linnovation-chez-les-jeunes-z-avec-le-challenge-pfe-un-franc-succes/,Orange Tunisie stimule l’innovation chez les jeunes Z avec le Challenge PFE : un franc succès !,2024-08-23T20:21:06+01:00,https://www.challenges.tn
https://www.challenges.tn/entrepreneur/open-startup-lance-son-programme-d-acceleration-pour-les-startups-et-talents-prometteurs-en-tunisie-senegal-et-maroc/,"Open Startup lance son programme d’accélération pour les startups et talents prometteurs en Tunisie, Sénégal et Maroc !",2024-08-23T20:21:06+01:00,https://www.challenges.tn
https://www.challenges.tn/entrepreneur/orange-tunisie-propulse-5-nouvelles-startups-innovantes-avec-la-6eme-cohorte-d-orange-fab/,Orange Tunisie propulse 5 nouvelles startups innovantes avec la 6ème cohorte d’Orange Fab,2024-08-23T20:21:06+01:00,https://www.challenges.tn
https://www.challenges.tn/economie/rdta-un-nouveau-souffle-pour-la-diaspora-tunisienne-en-afrique/,RDTA : Un nouveau souffle pour la diaspora tunisienne en Afrique,2024-08-23T20:21:06+01:00,https://www.challenges.tn
https://www.challenges.tn/economie/le-forum-dinvestissement-du-comesa-2024-en-tunisie-une-plateforme-pour-stimuler-la-cooperation-et-le-developpement-en-afrique/,Le Forum d’investissement du COMESA 2024 en Tunisie : Une plateforme pour stimuler la coopération et le développement en Afrique,2024-08-23T20:21:06+01:00,https://www.challenges.tn
https://www.challenges.tn/economie/tunisie-telecom-et-li-ns-sallient-pour-reussir-le-recensement-general-de-la-population-et-de-l-habitat-2024/,Tunisie Telecom et l’INS s’allient pour réussir le Recensement Général de la Population et de l’Habitat 2024,2024-08-23T20:21:06+01:00,https://www.challenges.tn
https://www.challenges.tn/high-tech/oppo-reno12-l-ia-a-portee-de-main-une-nouvelle-ere-pour-le-mobile-en-tunisie/,"OPPO Reno12 : L’IA à portée de main, une nouvelle ère pour le mobile en Tunisie",2024-08-23T20:21:06+01:00,https://www.challenges.tn
https://www.challenges.tn/auto-moto/byd-arrive-en-force-en-tunisie-avec-5-nouveaux-modeles-electriques-et-hybrides-rechargeables/,BYD arrive en force en Tunisie avec 5 nouveaux modèles électriques et hybrides rechargeables !,2024-08-23T20:21:06+01:00,https://www.challenges.tn
https://ftdes.net/resultats-preliminaires-dune-etude-de-terrain-sur-la-situation-des-migrants-en-tunisie/,Résultats préliminaires d’une étude de terrain sur la situation des migrants en Tunisie,2024-07-23T13:11:07+02:00,https://ftdes.net
https://ftdes.net/leconomie-circulaire-le-recyclage-des-dechets-plastiques-dans-lagglomeration-sfaxienne-tunisie-etude-du-cas-de-la-commune-de-thyna/,L’économie circulaire: le recyclage des déchets plastiques dans l’agglomération sfaxienne (Tunisie): étude du cas de la commune de Thyna,2024-07-23T13:11:07+02:00,https://ftdes.net
https://ftdes.net/resultats-preliminaires-dune-etude-de-terrain-sur-la-situation-des-migrants-en-tunisie/,Résultats préliminaires d’une étude de terrain sur la situation des migrants en Tunisie,2024-07-23T13:11:07+02:00,https://ftdes.net
https://ftdes.net/leconomie-circulaire-le-recyclage-des-dechets-plastiques-dans-lagglomeration-sfaxienne-tunisie-etude-du-cas-de-la-commune-de-thyna/,L’économie circulaire: le recyclage des déchets plastiques dans l’agglomération sfaxienne (Tunisie): étude du cas de la commune de Thyna,2024-07-23T13:11:07+02:00,https://ftdes.net
https://ftdes.net/leconomie-circulaire-le-recyclage-des-dechets-plastiques-dans-lagglomeration-sfaxienne-tunisie-etude-du-cas-de-la-commune-de-thyna/,L’économie circulaire: le recyclage des déchets plastiques dans l’agglomération sfaxienne (Tunisie):...,2024-07-23T13:11:07+02:00,https://ftdes.net
https://ftdes.net/rapport-mensuel-de-lobservatoire-social-tunisien-mai-2024/,Rapport mensuel de l’Observatoire Social Tunisien – Mai 2024,2024-07-23T13:11:07+02:00,https://ftdes.net
https://ftdes.net/tunisie-deux-ans-apres-les-revocations-arbitraires-de-magistrat-e-s-lindependance-de-la-justice-est-gravement-compromise/,"Tunisie : Deux ans après les révocations arbitraires de magistrat.e.s, l’indépendance...",2024-07-23T13:11:07+02:00,https://ftdes.net
https://ftdes.net/leconomie-circulaire-le-recyclage-des-dechets-plastiques-dans-lagglomeration-sfaxienne-tunisie-etude-du-cas-de-la-commune-de-thyna/,L’économie circulaire: le recyclage des déchets plastiques dans l’agglomération sfaxienne (Tunisie): étude du cas...,2024-07-23T13:11:07+02:00,https://ftdes.net
https://ftdes.net/la-crise-hydrique-en-tunisie-et-ses-repercussions-sur-le-manque-deau-dans-le-gouvernorat-de-monastir/,La crise hydrique en Tunisie et ses répercussions sur le manque...,2024-07-23T13:11:07+02:00,https://ftdes.net
https://ftdes.net/resultats-preliminaires-dune-etude-de-terrain-sur-la-situation-des-migrants-en-tunisie/,Résultats préliminaires d’une étude de terrain sur la situation des migrants en Tunisie,2024-07-23T13:11:07+02:00,https://ftdes.net
https://ftdes.net/leconomie-circulaire-le-recyclage-des-dechets-plastiques-dans-lagglomeration-sfaxienne-tunisie-etude-du-cas-de-la-commune-de-thyna/,L’économie circulaire: le recyclage des déchets plastiques dans l’agglomération sfaxienne (Tunisie): étude du cas de la commune de Thyna,2024-07-23T13:11:07+02:00,https://ftdes.net
https://ftdes.net/rapport-mensuel-de-lobservatoire-social-tunisien-mai-2024/,Rapport mensuel de l’Observatoire Social Tunisien – Mai 2024,2024-07-23T13:11:07+02:00,https://ftdes.net
https://ftdes.net/resultats-preliminaires-dune-etude-de-terrain-sur-la-situation-des-migrants-en-tunisie/,Résultats préliminaires d’une étude de terrain sur la situation des migrants en Tunisie,2024-07-23T13:11:07+02:00,https://ftdes.net
https://ftdes.net/leconomie-circulaire-le-recyclage-des-dechets-plastiques-dans-lagglomeration-sfaxienne-tunisie-etude-du-cas-de-la-commune-de-thyna/,L’économie circulaire: le recyclage des déchets plastiques dans l’agglomération sfaxienne (Tunisie): étude du cas de la commune de Thyna,2024-07-23T13:11:07+02:00,https://ftdes.net
https://ftdes.net/resultats-preliminaires-dune-etude-de-terrain-sur-la-situation-des-migrants-en-tunisie/,Résultats préliminaires d’une étude de terrain sur la situation des migrants en Tunisie,2024-07-23T13:11:07+02:00,https://ftdes.net
https://ftdes.net/leconomie-circulaire-le-recyclage-des-dechets-plastiques-dans-lagglomeration-sfaxienne-tunisie-etude-du-cas-de-la-commune-de-thyna/,L’économie circulaire: le recyclage des déchets plastiques dans l’agglomération sfaxienne (Tunisie): étude du cas de la commune de Thyna,2024-07-23T13:11:07+02:00,https://ftdes.net
https://ftdes.net/leconomie-circulaire-le-recyclage-des-dechets-plastiques-dans-lagglomeration-sfaxienne-tunisie-etude-du-cas-de-la-commune-de-thyna/,L’économie circulaire: le recyclage des déchets plastiques dans l’agglomération sfaxienne (Tunisie):...,2024-07-23T13:11:07+02:00,https://ftdes.net
https://ftdes.net/leconomie-circulaire-le-recyclage-des-dechets-plastiques-dans-lagglomeration-sfaxienne-tunisie-etude-du-cas-de-la-commune-de-thyna/,L’économie circulaire: le recyclage des déchets plastiques dans l’agglomération sfaxienne (Tunisie):...,2024-07-23T13:11:07+02:00,https://ftdes.net
https://ftdes.net/rapport-mensuel-de-lobservatoire-social-tunisien-mai-2024/,Rapport mensuel de l’Observatoire Social Tunisien – Mai 2024,2024-07-23T13:11:07+02:00,https://ftdes.net
https://ftdes.net/tunisie-deux-ans-apres-les-revocations-arbitraires-de-magistrat-e-s-lindependance-de-la-justice-est-gravement-compromise/,"Tunisie : Deux ans après les révocations arbitraires de magistrat.e.s, l’indépendance...",2024-07-23T13:11:07+02:00,https://ftdes.net
https://ftdes.net/resultats-preliminaires-dune-etude-de-terrain-sur-la-situation-des-migrants-en-tunisie/,Résultats préliminaires d’une étude de terrain sur la situation des migrants en Tunisie,2024-07-23T13:11:07+02:00,https://ftdes.net
https://ftdes.net/leconomie-circulaire-le-recyclage-des-dechets-plastiques-dans-lagglomeration-sfaxienne-tunisie-etude-du-cas-de-la-commune-de-thyna/,L’économie circulaire: le recyclage des déchets plastiques dans l’agglomération sfaxienne (Tunisie): étude du cas de la commune de Thyna,2024-07-23T13:11:07+02:00,https://ftdes.net
https://ftdes.net/rapport-mensuel-de-lobservatoire-social-tunisien-mai-2024/,Rapport mensuel de l’Observatoire Social Tunisien – Mai 2024,2024-07-23T13:11:07+02:00,https://ftdes.net
https://ftdes.net/resultats-preliminaires-dune-etude-de-terrain-sur-la-situation-des-migrants-en-tunisie/,Résultats préliminaires d’une étude de terrain sur la situation des migrants en Tunisie,2024-07-23T13:11:07+02:00,https://ftdes.net
https://ftdes.net/leconomie-circulaire-le-recyclage-des-dechets-plastiques-dans-lagglomeration-sfaxienne-tunisie-etude-du-cas-de-la-commune-de-thyna/,L’économie circulaire: le recyclage des déchets plastiques dans l’agglomération sfaxienne (Tunisie): étude du cas de la commune de Thyna,2024-07-23T13:11:07+02:00,https://ftdes.net
https://ftdes.net/resultats-preliminaires-dune-etude-de-terrain-sur-la-situation-des-migrants-en-tunisie/,Résultats préliminaires d’une étude de terrain sur la situation des migrants en Tunisie,2024-07-23T13:11:07+02:00,https://ftdes.net
https://ftdes.net/leconomie-circulaire-le-recyclage-des-dechets-plastiques-dans-lagglomeration-sfaxienne-tunisie-etude-du-cas-de-la-commune-de-thyna/,L’économie circulaire: le recyclage des déchets plastiques dans l’agglomération sfaxienne (Tunisie): étude du cas de la commune de Thyna,2024-07-23T13:11:07+02:00,https://ftdes.net
https://ftdes.net/leconomie-circulaire-le-recyclage-des-dechets-plastiques-dans-lagglomeration-sfaxienne-tunisie-etude-du-cas-de-la-commune-de-thyna/,L’économie circulaire: le recyclage des déchets plastiques dans l’agglomération sfaxienne (Tunisie): étude du cas...,2024-07-23T13:11:07+02:00,https://ftdes.net
https://ftdes.net/la-crise-hydrique-en-tunisie-et-ses-repercussions-sur-le-manque-deau-dans-le-gouvernorat-de-monastir/,La crise hydrique en Tunisie et ses répercussions sur le manque...,2024-07-23T13:11:07+02:00,https://ftdes.net
https://ftdes.net/resultats-preliminaires-dune-etude-de-terrain-sur-la-situation-des-migrants-en-tunisie/,Résultats préliminaires d’une étude de terrain sur la situation des migrants en Tunisie,2024-07-23T13:11:07+02:00,https://ftdes.net
https://ftdes.net/leconomie-circulaire-le-recyclage-des-dechets-plastiques-dans-lagglomeration-sfaxienne-tunisie-etude-du-cas-de-la-commune-de-thyna/,L’économie circulaire: le recyclage des déchets plastiques dans l’agglomération sfaxienne (Tunisie): étude du cas de la commune de Thyna,2024-07-23T13:11:07+02:00,https://ftdes.net
https://ftdes.net/rapport-mensuel-de-lobservatoire-social-tunisien-mai-2024/,Rapport mensuel de l’Observatoire Social Tunisien – Mai 2024,2024-07-23T13:11:07+02:00,https://ftdes.net
https://jamaity.org/event/session-dinformation-appel-a-projets-pour-la-production-et-la-diffusion-de-policy-briefs-en-tunisie/,Session d’information : Appel à Projets pour la Production et la Diffusion de Policy Briefs en Tunisie1 d,2024-Sep-08,https://jamaity.org
https://jamaity.org/project/ines-inclusion-economique-et-sociale-de-jeunes-neets-en-tunisie/,InES- Inclusion Économique et Sociale de jeunes NEETs en Tunisie,2024-Sep-08,https://jamaity.org
https://jamaity.org/opportunity/focal-person-injaz-tunisia-alumni-club/,Focal Person-INJAZ Tunisia Alumni Club,2024-Sep-08,https://jamaity.org
https://jamaity.org/opportunity/appel-a-projets-initiative-visant-a-soutenir-la-production-et-la-diffusion-dans-lespace-public-de-policy-briefs-sur-des-sujets-economiques-et-de-developpement-durable-en-tunisie/,Appel à Projets : Initiative visant à soutenir la production et la diffusion dans l’espace public de policy briefs sur des sujets économiques et de développement durable en Tunisie.,2024-Sep-08,https://jamaity.org
https://jamaity.org/project/ines-inclusion-economique-et-sociale-de-jeunes-neets-en-tunisie/,InES- Inclusion Économique et Sociale de jeunes NEETs en Tunisie,2024-Sep-08,https://jamaity.org
https://jamaity.org/project/projet-presto/,PRESTo – Promouvoir la Résilience aux Changements Climatiques et la Gestion Durable des Ressources Naturelles en Tunisie – AID 012590/08/6,2024-Sep-08,https://jamaity.org
https://jamaity.org/event/session-dinformation-appel-a-projets-pour-la-production-et-la-diffusion-de-policy-briefs-en-tunisie/,Session d’information : Appel à Projets pour la Production et la Diffusion de Policy Briefs en Tunisie,2024-Sep-08,https://jamaity.org
https://jamaity.org/resource-center/,Centre de ressourcesVotre base de ressources en ligne de la société civile tunisienne.,2024-Sep-08,https://jamaity.org
https://jamaity.org/relations-publiques/,Relations publiquesDécouvrez les éléments relatifs aux relations publiques des associations en Tunisie,2024-Sep-08,https://jamaity.org
https://tunisia.iom.int/fr/loim-en-tunisie,L'OIM en Tunisie,Date non trouvée,https://tunisia.iom.int
https://tunisia.iom.int/fr/news/loim-lance-cinemarena-en-tunisie-une-initiative-de-cinema-mobile-interactif,"L'OIM lance ""CinemArena"" en Tunisie, une initiative de cinéma mobile interactif",Date non trouvée,https://tunisia.iom.int
https://tunisia.iom.int/sites/g/files/tmzbdl1056/files/documents/COVID19_Bulletin_IOM%20Tunisie%20-%20N10.pdf,OIM Tunisie COVID-19 Bulletin N°10 - Octobre 2020,Date non trouvée,https://tunisia.iom.int
https://tunisia.iom.int/sites/g/files/tmzbdl1056/files/documents/Guide%20culturel_version%20compl%C3%A8te.pdf,OIM Tunisie - Guide culturel,Date non trouvée,https://tunisia.iom.int
https://tunisia.iom.int/fr/loim-en-tunisie,L'OIM en Tunisie,Date non trouvée,https://tunisia.iom.int
